2023-03-13 14:08:16.783764;Show all
2023-03-13 14:11:27.369819;Search a note
2023-03-13 14:25:12.500051;Add a note
2023-03-13 14:33:34.476765;Add a note
2023-03-13 14:37:15.286915;Show all
2023-03-13 14:38:19.209990;Show all
2023-03-13 14:39:33.612293;Search a note
2023-03-13 14:41:10.613797;Search a note
2023-03-13 14:49:47.428102;Show all
2023-03-13 14:54:51.916723;Change data
2023-03-13 14:56:30.267518;Change data
2023-03-13 14:57:56.352321;Change data
2023-03-13 15:00:56.678152;Add a note
2023-03-13 15:01:44.559761;Change data
2023-03-13 15:04:24.519686;Delete a note
2023-03-13 15:04:33.889062;Show all
2023-03-13 15:06:33.956423;Show all
2023-03-13 15:07:39.189329;Change data
2023-03-13 18:49:32.694067;Add a note
2023-03-13 18:57:49.253349;Show all
2023-03-13 18:59:24.575023;Add a note
2023-03-13 19:00:47.914229;Add a note
2023-03-13 19:01:15.837380;Add a note
2023-03-13 19:02:38.347241;Add a note
2023-03-13 19:02:59.910949;Delete a note
2023-03-13 19:08:21.942552;Add a note
2023-03-13 19:33:02.453343;Add a note
2023-03-13 20:13:40.466321;Delete a note
2023-03-13 20:13:46.322734;Show all
2023-03-13 20:25:11.861331;Search a note
2023-03-13 20:25:24.631448;Show all
2023-03-13 20:26:00.224513;Search a note
2023-03-13 20:27:14.768634;Search a note
2023-03-13 20:28:59.077893;Search a note
2023-03-13 20:44:45.485026;Search a note
2023-03-13 20:44:50.832322;Show all
2023-03-13 20:45:22.500007;Search a note
2023-03-13 22:33:49.728231;Search a note
2023-03-13 22:34:09.423921;Search a note
2023-03-13 22:34:35.124582;Search a note
2023-03-13 22:35:14.270408;Search a note
2023-03-13 22:41:31.749602;Search a note
2023-03-13 22:41:41.191894;Search a note
2023-03-13 22:42:06.968689;Search a note
2023-03-13 22:42:21.384910;Search a note
2023-03-13 22:56:35.345957;Search a note
2023-03-13 22:57:05.047249;Search a note
2023-03-13 23:00:54.044844;Search a note
2023-03-13 23:17:18.993390;Add a note
2023-03-13 23:18:09.081370;Delete a note
2023-03-13 23:19:22.650419;Change data
2023-03-13 23:19:29.872061;Show all
2023-03-13 23:22:42.734574;Show all
2023-03-13 23:28:16.624260;Search a note
2023-03-13 23:59:02.479894;Add a note
2023-03-14 00:00:48.647624;Add a note
2023-03-14 00:01:02.207229;Delete a note
2023-03-14 00:03:13.912358;Search a note
2023-03-14 00:03:39.529874;Search a note
